网站,名称
www.cn-lightings.com,cn-light
www.abc.com,abc
www.h.com,h
www.neo-national.com,neo-national
www.lumitek.cn,lumitek
www.borghi.com,borghi
http://www.vinon.com/,vinon
www.cn-lightings.com,cn-light
www.abc.com,abc
www.h.com,h
www.neo-national.com,neo-national
www.lumitek.cn,lumitek
www.borghi.com,borghi
http://www.vinon.com/,vinon
www.cn-lightings.com,cn-light
www.abc.com,abc
www.h.com,h
www.neo-national.com,neo-national
www.lumitek.cn,lumitek
www.borghi.com,borghi
http://www.vinon.com/,vinon
www.cn-lightings.com,cn-light
www.abc.com,abc
www.h.com,h
www.neo-national.com,neo-national
www.lumitek.cn,lumitek
www.borghi.com,borghi
http://www.vinon.com/,vinon